{"lr": 0.005, "data_time": 0.0024021148681640627, "loss": 0.31827485263347627, "time": 0.2795413970947266, "epoch": 1, "iter": 72, "memory": 2965, "step": 72}
{"accuracy/top1": 77.20000457763672, "data_time": 0.023612529039382935, "time": 0.10881972312927246, "step": 1}
{"lr": 0.005, "data_time": 0.000610804557800293, "loss": 0.23505804911255837, "time": 0.27826404571533203, "epoch": 2, "iter": 144, "memory": 2965, "step": 144}
{"accuracy/top1": 77.80000305175781, "data_time": 0.013877335716696346, "time": 0.10224190880270566, "step": 2}
{"lr": 0.005, "data_time": 0.0007388114929199219, "loss": 0.12903803996741772, "time": 0.2853434085845947, "epoch": 3, "iter": 216, "memory": 2965, "step": 216}
{"accuracy/top1": 79.20000457763672, "data_time": 0.013317528892965877, "time": 0.09834449431475471, "step": 3}
{"lr": 0.005, "data_time": 0.0014935731887817383, "loss": 0.1351978588849306, "time": 0.29315159320831297, "epoch": 4, "iter": 288, "memory": 2965, "step": 288}
{"accuracy/top1": 77.20000457763672, "data_time": 0.015017425312715419, "time": 0.10189610369065229, "step": 4}
{"lr": 0.005, "data_time": 0.001488471031188965, "loss": 0.1130254827439785, "time": 0.30140347480773927, "epoch": 5, "iter": 360, "memory": 2965, "step": 360}
{"accuracy/top1": 77.5999984741211, "data_time": 0.031743764877319336, "time": 0.12187889043022604, "step": 5}
{"lr": 0.005, "data_time": 0.0007289648056030273, "loss": 0.09163234708830714, "time": 0.3156793832778931, "epoch": 6, "iter": 432, "memory": 2965, "step": 432}
{"accuracy/top1": 77.4000015258789, "data_time": 0.014959082883947036, "time": 0.10735508974860697, "step": 6}
{"lr": 0.005, "data_time": 0.0007107973098754883, "loss": 0.08887330368161202, "time": 0.3034534454345703, "epoch": 7, "iter": 504, "memory": 2965, "step": 504}
{"accuracy/top1": 76.5999984741211, "data_time": 0.015381770975449505, "time": 0.10428274379057043, "step": 7}
{"lr": 0.005, "data_time": 0.000661778450012207, "loss": 0.09292073482647538, "time": 0.2989776134490967, "epoch": 8, "iter": 576, "memory": 2965, "step": 576}
{"accuracy/top1": 78.20000457763672, "data_time": 0.010289360495174633, "time": 0.09791762688580681, "step": 8}
{"lr": 0.005, "data_time": 0.0020931243896484377, "loss": 0.06287446946371347, "time": 0.3069200038909912, "epoch": 9, "iter": 648, "memory": 2965, "step": 648}
{"accuracy/top1": 78.5999984741211, "data_time": 0.013686909395105699, "time": 0.10314362189349006, "step": 9}
{"lr": 0.005, "data_time": 0.0011604785919189452, "loss": 0.05603132573887706, "time": 0.30696930885314944, "epoch": 10, "iter": 720, "memory": 2965, "step": 720}
{"accuracy/top1": 78.20000457763672, "data_time": 0.026482315624461454, "time": 0.11559118944055893, "step": 10}
{"lr": 0.005, "data_time": 0.0007881641387939454, "loss": 0.08997614989057183, "time": 0.30270912647247317, "epoch": 11, "iter": 792, "memory": 2965, "step": 792}
{"accuracy/top1": 78.20000457763672, "data_time": 0.03162412082447725, "time": 0.12358558879179113, "step": 11}
{"lr": 0.005, "data_time": 0.0006931543350219727, "loss": 0.0731135324575007, "time": 0.30743913650512694, "epoch": 12, "iter": 864, "memory": 2965, "step": 864}
{"accuracy/top1": 78.80000305175781, "data_time": 0.011504453771254596, "time": 0.10209824057186351, "step": 12}
{"lr": 0.005, "data_time": 0.0007322311401367187, "loss": 0.0911805377341807, "time": 0.30540008544921876, "epoch": 13, "iter": 936, "memory": 2965, "step": 936}
{"accuracy/top1": 78.80000305175781, "data_time": 0.015193532494937672, "time": 0.1041714443879969, "step": 13}
{"lr": 0.005, "data_time": 0.0029150009155273437, "loss": 0.02357118148356676, "time": 0.30671560764312744, "epoch": 14, "iter": 1008, "memory": 2965, "step": 1008}
{"accuracy/top1": 78.80000305175781, "data_time": 0.019196510314941406, "time": 0.10888904683730181, "step": 14}
{"lr": 0.005, "data_time": 0.0007249832153320313, "loss": 0.07028524000197649, "time": 0.3073360204696655, "epoch": 15, "iter": 1080, "memory": 2965, "step": 1080}
{"accuracy/top1": 77.20000457763672, "data_time": 0.03313617145313936, "time": 0.12318741574006922, "step": 15}
